code,name_ar,short_ar,sector_ar
4030,الشركة الوطنية السعودية للنقل البحري,البحري,الطاقة
4200,شركة الدريس للخدمات البترولية والنقليات,الدريس,الطاقة
2222,شركة الزيت العربية السعودية,أرامكو السعودية,الطاقة
2030,شركة المصافي العربية السعودية,المصافي,الطاقة
2380,شركة رابغ للتكرير والبتروكيماويات,بترو رابغ,الطاقة
2381,شركة الحفر العربية,الحفر العربية,الطاقة
1320,الشركة السعودية لأنابيب الصلب,أنابيب السعودية,المواد الأساسية
1321,شركة أنابيب الشرق المتكاملة للصناعة,أنابيب الشرق,المواد الأساسية
2300,الشركة السعودية لصناعة الورق,صناعة الورق,المواد الأساسية
2010,الشركة السعودية للصناعات الأساسية,سابك,المواد الأساسية
2200,الشركة العربية للأنابيب,أنابيب,المواد الأساسية
2330,الشركة المتقدمة للبتروكيماويات,المتقدمة,المواد الأساسية
2220,الشركة الوطنية لتصنيع وسبك المعادن,معدنية,المواد الأساسية
2002,الشركة الوطنية للبتروكيماويات,بتروكيم,المواد الأساسية
2250,المجموعة السعودية للاستثمار الصناعي,المجموعة السعودية,المواد الأساسية
3091,شركة أسمنت الجوف,أسمنت الجوف,المواد الأساسية
3040,شركة أسمنت القصيم,أسمنت القصيم,المواد الأساسية
3003,شركة أسمنت المدينة,أسمنت المدينة,المواد الأساسية
3050,شركة أسمنت المنطقة الجنوبية,أسمنت الجنوب,المواد الأساسية
3080,شركة أسمنت المنطقة الشرقية,أسمنت الشرقية,المواد الأساسية
3004,شركة أسمنت المنطقة الشمالية,أسمنت الشمالية,المواد الأساسية
3020,شركة أسمنت اليمامة,أسمنت اليمامة,المواد الأساسية
3005,شركة إسمنت أم القرى,إسمنت أم القرى,المواد الأساسية
3090,شركة أسمنت تبوك,أسمنت تبوك,المواد الأساسية
3001,شركة أسمنت حائل,أسمنت حائل,المواد الأساسية
3002,شركة أسمنت نجران,أسمنت نجران,المواد الأساسية
3060,شركة أسمنت ينبع,أسمنت ينبع,المواد الأساسية
1301,شركة اتحاد مصانع الأسلاك,أسلاك,المواد الأساسية
2020,شركة سابك للمغذيات الزراعية,سافكو,المواد الأساسية
3030,شركة الأسمنت السعودية,أسمنت السعودية,المواد الأساسية
3010,شركة الأسمنت العربية,أسمنت العربية,المواد الأساسية
2060,شركة التصنيع الوطنية,التصنيع,المواد الأساسية
1211,شركة التعدين العربية السعودية,معادن,المواد الأساسية
2090,شركة الجبس الأهلية,جبسكو,المواد الأساسية
2240,شركة الزامل للاستثمار الصناعي,الزامل للصناعة,المواد الأساسية
1202,شركة الشرق الأوسط لصناعة وإنتاج الورق,مبكو,المواد الأساسية
2310,شركة الصحراء العالمية للبتروكيماويات,سبكيم العالمية,المواد الأساسية
2150,شركة الصناعات الزجاجية الوطنية,زجاج,المواد الأساسية
1210,شركة الصناعات الكيميائية الأساسية,بي سي آي,المواد الأساسية
3008,شركة الكثيري القابضة,الكثيري,المواد الأساسية
2170,شركة اللجين القابضة,اللجين,المواد الأساسية
1304,شركة اليمامة للصناعات الحديدية,اليمامة للحديد,المواد الأساسية
2180,شركة تصنيع مواد التعبئة والتغليف,فيبكو,المواد الأساسية
1201,شركة تكوين المتطورة للصناعات,تكوين,المواد الأساسية
3007,شركة زهرة الواحة للتجارة,الواحة,المواد الأساسية
2350,شركة كيان السعودية للبتروكيماويات,كيان السعودية,المواد الأساسية
2001,شركة كيمائيات الميثانول,كيمانول,المواد الأساسية
2210,شركة نماء للكيماويات,نماء للكيماويات,المواد الأساسية
2290,شركة ينبع الوطنية للبتروكيماويات,ينساب,المواد الأساسية
2360,الشركة السعودية لإنتاج الأنابيب الفخارية,الفخارية,السلع الرأسمالية
4140,الشركة السعودية للصادرات الصناعية,صادرات,السلع الرأسمالية
1330,شركة أبناء عبدالله عبدالمحسن الخضري,الخضري,السلع الرأسمالية
2160,شركة أميانتيت العربية السعودية,أميانتيت,السلع الرأسمالية
2140,شركة أيان للاستثمار,أيان,السلع الرأسمالية
2320,شركة البابطين للطاقة والإتصالات,البابطين,السلع الرأسمالية
2040,شركة الخزف السعودي,الخزف السعودي,السلع الرأسمالية
2370,شركة الشرق الأوسط للكابلات المتخصصة,مسك,السلع الرأسمالية
1303,شركة الصناعات الكهربائية,الصناعات الكهربائية,السلع الرأسمالية
4141,شركة العمران للصناعة والتجارة,العمران,السلع الرأسمالية
2110,شركة الكابلات السعودية,الكابلات السعودية,السلع الرأسمالية
1302,شركة بوان,بوان,السلع الرأسمالية
1212,مجموعة أسترا الصناعية,أسترا الصناعية,السلع الرأسمالية
4270,الشركة السعودية للطباعة والتغليف,طباعة وتغليف,الخدمات التجارية والمهنية
6004,شركة الخطوط السعودية للتموين,التموين,الخدمات التجارية والمهنية
1831,شركة مهارة للموارد البشرية,مهارة,الخدمات التجارية والمهنية
1832,شركة صدر للخدمات اللوجستية,الصمعاني,الخدمات التجارية والمهنية
4031,الشركة السعودية للخدمات الأرضية,الخدمات الأرضية,النقل
2190,الشركة السعودية للخدمات الصناعية,سيسكو,النقل
4040,الشركة السعودية للنقل الجماعي,سابتكو,النقل
4260,الشركة المتحدة الدولية للمواصلات,بدجت السعودية,النقل
4261,شركة ذيب لتأجير السيارات,ذيب,النقل
4110,شركة باتك للاستثمار والأعمال اللوجستية,باتك,النقل
2130,الشركة السعودية للتنمية الصناعية,صدق,السلع طويلة الاجل
2340,شركة العبد اللطيف للاستثمار الصناعي,العبداللطيف,السلع طويلة الاجل
4012,شركة ثوب الأصيل,الأصيل,السلع طويلة الاجل
4011,شركة لازوردي للمجوهرات,لازوردي,السلع طويلة الاجل
1213,شركة نسيج العالمية التجارية,نسيج,السلع طويلة الاجل
4180,مجموعة فتيحي القابضة,مجموعة فتيحي,السلع طويلة الاجل
4291,الشركة الوطنية للتربية والتعليم,الوطنية للتعليم,الخدمات الإستهلاكية
4290,شركة الخليج للتدريب والتعليم,الخليج للتدريب,الخدمات الإستهلاكية
4170,شركة المشروعات السياحية,شمس,الخدمات الإستهلاكية
4010,شركة دور للضيافة,دور,الخدمات الإستهلاكية
6012,شركة ريدان الغذائية,ريدان,الخدمات الإستهلاكية
6013,شركة الأعمال التطويرية الغذائية,التطويرية الغذائية,الخدمات الإستهلاكية
4292,شركة عطاء التعليمية,عطاء,الخدمات الإستهلاكية
1830,شركة لجام للرياضة,وقت اللياقة,الخدمات الإستهلاكية
6002,شركة هرفي للخدمات الغذائية,هرفي للأغذية,الخدمات الإستهلاكية
1810,مجموعة سيرا القابضة,سيرا,الخدمات الإستهلاكية
1820,مجموعة عبد المحسن الحكير للسياحة والتنمية,مجموعة الحكير,الخدمات الإستهلاكية
4210,المجموعة السعودية للأبحاث والتسويق,الأبحاث والتسويق,الإعلام والترفيه
4070,شركة تهامة للإعلان والعلاقات العامة,تهامة,الإعلام والترفيه
4050,الشركة السعودية لخدمات السيارات  والمعدات,ساسكو,تجزئة السلع الكمالية
4008,الشركة السعودية للعدد والأدوات,ساكو,تجزئة السلع الكمالية
4003,الشركة المتحدة للإلكترونيات,إكسترا,تجزئة السلع الكمالية
1214,شركة الحسن غازي إبراهيم شاكر,شاكر,تجزئة السلع الكمالية
4051,شركة باعظيم التجارية,باعظيم,تجزئة السلع الكمالية
4190,شركة جرير للتسويق,جرير,تجزئة السلع الكمالية
4191,شركة عبد الله سعد محمد أبو معطي للمكتبات,أبو معطي,تجزئة السلع الكمالية
4240,شركة فواز عبد العزيز الحكير وشركاه,الحكير,تجزئة السلع الكمالية
4006,الشركة السعودية للتسويق,أسواق المزرعة,تجزئة الأغذية
4160,شركة ثمار التنمية القابضة,ثمار,تجزئة الأغذية
4001,شركة أسواق عبدالله العثيم,أسواق ع العثيم,تجزئة الأغذية
4161,شركة بن داود القابضة,بن داود,تجزئة الأغذية
4061,مجموعة أنعام الدولية القابضة,أنعام القابضة,تجزئة الأغذية
6050,الشركة السعودية للأسماك,الأسماك,إنتاج الأغذية
2270,الشركة السعودية لمنتجات الألبان والأغذية,سدافكو,إنتاج الأغذية
6010,الشركة الوطنية للتنمية الزراعية,نادك,إنتاج الأغذية
6070,شركة الجوف الزراعية,الجوف,إنتاج الأغذية
6060,شركة الشرقية للتنمية,الشرقية للتنمية,إنتاج الأغذية
6020,شركة القصيم القابضة للاستثمار,جاكو,إنتاج الأغذية
2280,شركة المراعي,المراعي,إنتاج الأغذية
6040,شركة تبوك للتنمية الزراعية,تبوك الزراعية,إنتاج الأغذية
6090,شركة جازان للطاقة والتنمية,جازادكو,إنتاج الأغذية
6001,شركة حلواني إخوان,حلواني إخوان,إنتاج الأغذية
2100,شركة وفرة للصناعة والتنمية,وفرة,إنتاج الأغذية
2050,مجموعة صافولا,مجموعة صافولا,إنتاج الأغذية
2281,شركة التنمية الغذائية,تنمية,إنتاج الأغذية
2230,الشركة الكيميائية السعودية القابضة,الكيميائية,الرعاية الصحية
4005,الشركة الوطنية للرعاية الطبية,رعاية,الرعاية الصحية
4007,شركة الحمادي للتنمية والإستثمار,الحمادي,الرعاية الصحية
4009,شركة الشرق الأوسط للرعاية الصحية,المستشفى السعودي الألماني,الرعاية الصحية
4002,شركة المواساة للخدمات الطبية,المواساة,الرعاية الصحية
4004,شركة دله للخدمات الصحية,دله الصحية,الرعاية الصحية
4013,مجموعة الدكتور سليمان الحبيب للخدمات الطبية,سليمان الحبيب,الرعاية الصحية
2070,الشركة السعودية للصناعات الدوائية والمستلزمات الطبية,الدوائية,الادوية
1180,البنك الأهلي التجاري,الأهلي,البنوك
1060,البنك السعودي البريطاني,ساب,البنوك
1050,البنك السعودي الفرنسي,السعودي الفرنسي,البنوك
1030,البنك السعودي للاستثمار,الإستثمار,البنوك
1080,البنك العربي الوطني,العربي,البنوك
1140,بنك البلاد,البلاد,البنوك
1020,بنك الجزيرة,الجزيرة,البنوك
1010,بنك الرياض,الرياض,البنوك
1182,شركة أملاك العالمية للتمويل العقاري,أملاك,البنوك
1090,مجموعة سامبا المالية,سامبا,البنوك
1150,مصرف الإنماء,الإنماء,البنوك
1120,مصرف الراجحي,الراجحي,البنوك
1111,مجموعة تداول السعودية القابضة,تداول السعودية,الإستثمار والتمويل
1183,الشركة السعودية لتمويل المساكن,سهل,البنوك
2120,الشركة السعودية للصناعات المتطورة,متطورة,الإستثمار والتمويل
4130,شركة الباحة للإستثمار والتنمية,الباحة,الإستثمار والتمويل
4280,شركة المملكة القابضة,المملكة,الإستثمار والتمويل
4080,شركة سناد القابضة,سناد القابضة,الإستثمار والتمويل
4081,شركة النايفات للتمويل,النايفات,الإستثمار والتمويل
8010,الشركة التعاونية للتأمين,التعاونية,التأمين
8260,الشركة الخليجية العامة للتأمين التعاوني,الخليجية العامة,التأمين
8110,الشركة السعودية الهندية للتأمين التعاوني,وفا للتأمين,التأمين
8200,الشركة السعودية لإعادة التأمين التعاوني,الإعادة السعودية,التأمين
8280,الشركة العالمية للتأمين التعاوني,العالمية,التأمين
8100,الشركة العربية السعودية للتأمين التعاوني,سايكو,التأمين
8190,الشركة المتحدة للتأمين التعاوني,المتحدة للتأمين,التأمين
8300,الشركة الوطنية للتأمين,الوطنية,التأمين
8150,المجموعة المتحدة للتأمين التعاوني,أسيج,التأمين
8250,شركة أكسا للتأمين التعاوني,اكسا التعاونية,التأمين
8040,شركة أليانز السعودي الفرنسي للتأمين التعاوني,أليانز إس إف,التأمين
8310,شركة أمانة للتأمين التعاوني,أمانة للتأمين,التأمين
8120,شركة اتحاد الخليج للتأمين التعاوني,اتحاد الخليج,التأمين
8130,شركة الأهلي للتكافل,الأهلي للتكافل,التأمين
8312,شركة الإنماء طوكيو مارين,الإنماء طوكيو م,التأمين
8170,شركة الاتحاد للتأمين التعاوني,الاتحاد,التأمين
8160,شركة التأمين العربية التعاونية,التأمين العربية,التأمين
8012,شركة الجزيرة تكافل تعاوني,جزيرة تكافل,التأمين
8070,شركة الدرع العربي للتأمين التعاوني,الدرع العربي,التأمين
8230,شركة الراجحي للتأمين التعاوني,تكافل الراجحي,التأمين
8180,شركة الصقر للتأمين التعاوني,الصقر للتأمين,التأمين
8030,شركة المتوسط والخليج للتأمين وإعادة التأمين التعاوني,ميدغلف للتأمين,التأمين
8270,شركة بروج للتأمين التعاوني,بروج للتأمين,التأمين
8210,شركة بوبا العربية للتأمين التعاوني,بوبا العربية,التأمين
8240,شركة تشب العربية للتأمين التعاوني,تْشب,التأمين
8050,شركة سلامة للتأمين التعاوني,سلامة,التأمين
8290,الوطنية للتكافل,ناشيونال تكافل,التأمين
8311,شركة عناية السعودية للتأمين التعاوني,عناية,التأمين
8020,شركة ملاذ للتأمين التعاوني,ملاذ للتأمين,التأمين
8060,شركة ولاء للتأمين التعاوني,ولاء,التأمين
7200,شركة المعمر لأنظمة المعلومات,ام آي اس,التطبيقات وخدمات التقنية
7201,شركة بحر العرب لأنظمة المعلومات,بحر العرب,التطبيقات وخدمات التقنية
7020,شركة اتحاد إتصالات,إتحاد إتصالات,الإتصالات
7040,شركة اتحاد عذيب للإتصالات,عذيب للإتصالات,الإتصالات
7010,شركة الإتصالات السعودية,اس تي سي,الإتصالات
7030,شركة الاتصالات المتنقلة السعودية,زين السعودية,الإتصالات
5110,الشركة السعودية للكهرباء,كهرباء السعودية,المرافق العامة
2080,شركة الغاز والتصنيع الأهلية,الغاز,المرافق العامة
2081,شركة الخريف لتقنية المياه والطاقة,المياه,المرافق العامة
2082,شركة أعمال المياه والطاقة الدولية,أكوا باور,المرافق العامة
4338,صندوق الأهلي ريت 1,الأهلي ريت 1,الصناديق العقارية المتداولة
4331,صندوق بنك الجزيرة موطن ريت,بنك الجزيرة موطن ريت,الصناديق العقارية المتداولة
4348,صندوق الخبير ريت,الخبير ريت,الصناديق العقارية المتداولة
4340,صندوق الراجحي ريت,الراجحي ريت,الصناديق العقارية المتداولة
4330,صندوق الرياض ريت,الرياض ريت,الصناديق العقارية المتداولة
4337,صندوق المشاعر ريت,مشاعر ريت,الصناديق العقارية المتداولة
4334,صندوق المعذر ريت,المعذر ريت,الصناديق العقارية المتداولة
4347,صندوق بنيان ريت,بنيان ريت,الصناديق العقارية المتداولة
4333,صندوق تعليم ريت,تعليم ريت,الصناديق العقارية المتداولة
4332,صندوق جدوى ريت الحرمين,جدوى ريت الحرمين,الصناديق العقارية المتداولة
4342,صندوق جدوى ريت السعودية,جدوى ريت السعودية,الصناديق العقارية المتداولة
4339,صندوق دراية ريت,دراية ريت,الصناديق العقارية المتداولة
4344,صندوق سدكو كابيتال ريت,سدكو كابيتال ريت,الصناديق العقارية المتداولة
4345,صندوق سويكورب وابل ريت,سويكورب وابل ريت,الصناديق العقارية المتداولة
4335,صندوق مشاركة ريت,مشاركة ريت,الصناديق العقارية المتداولة
4336,صندوق ملكية عقارات الخليج ريت,ملكية ريت,الصناديق العقارية المتداولة
4346,صندوق ميفك ريت,ميفك ريت,الصناديق العقارية المتداولة
4220,إعمار المدينة الاقتصادية,إعمار,إدارة وتطوير العقارات
4020,الشركة العقارية السعودية,العقارية,إدارة وتطوير العقارات
4320,شركة الأندلس العقارية,الأندلس,إدارة وتطوير العقارات
4230,شركة البحر الأحمر العالمية,البحر الأحمر,إدارة وتطوير العقارات
4150,شركة الرياض للتعمير,التعمير,إدارة وتطوير العقارات
4321,شركة المراكز العربية,المراكز,إدارة وتطوير العقارات
4250,شركة جبل عمر للتطوير,جبل عمر,إدارة وتطوير العقارات
4300,شركة دار الأركان للتطوير العقاري,دار الأركان,إدارة وتطوير العقارات
4090,شركة طيبة للإستثمار,طيبة,إدارة وتطوير العقارات
4100,شركة مكة للإنشاء والتعمير,مكة,إدارة وتطوير العقارات
4310,مدينة المعرفة الاقتصادية,مدينة المعرفة,إدارة وتطوير العقارات
