symbol,year,revenue,net_income,eps,roe,de,payout
1010,2022,13328144000.0,7019322000.0,1.74,12.4958,0.1653,0.4428
1010,2023,15758743000.0,8045844000.0,1.935,13.3523,0.2294,0.482
1010,2024,17252501000.0,9321894000.0,2.2575,13.6298,0.2002,0.4961
1010,2025,18354127000.0,10410951000.0,2.4675,13.7927,0.6408,0.5022
1020,2022,3429643000.0,1109088000.0,0.8064,8.1496,0.1635,0.5333
1020,2023,3323080000.0,1019972000.0,0.688,6.2135,0.1341,0.0001
1020,2024,3779125000.0,1230954000.0,1.01,7.0686,0.1254,0.003
1020,2025,4462516000.0,1505544000.0,1.0,6.9141,0.1015,0.0097
1030,2021,,,,,,
1030,2022,3281043000.0,1507855000.0,1.096,8.9808,0.0121,0.5471
1030,2023,3952869000.0,1761607000.0,1.28,10.2211,0.0122,0.4825
1030,2024,4163871000.0,1956630000.0,1.43,9.2594,0.0073,0.4597
1030,2025,4778483000.0,2431485000.0,1.68,10.8386,0.132,0.4104
1050,2022,8021256000.0,3575130000.0,1.3452,9.2273,0.1351,0.5374
1050,2023,9398142000.0,4222733000.0,1.61,10.1989,0.2245,0.5257
1050,2024,9621734000.0,4544071000.0,1.72,9.64,0.3435,0.5276
1050,2025,10485949000.0,5353419000.0,1.97,10.5675,0.7812,0.4894
1060,2021,,,,,,
1060,2022,9654205000.0,4827605000.0,2.35,8.8358,0.1042,0.4065
1060,2023,12814086000.0,7002373000.0,3.41,11.3125,0.0916,0.495
1060,2024,14136138000.0,8070461000.0,3.78,11.6211,0.0804,0.4889
1060,2025,14841606000.0,8452094000.0,3.81,10.6532,0.1028,0.4578
1080,2022,6849251000.0,3070405000.0,1.5375,9.4958,0.1145,0.4449
1080,2023,8544737000.0,4070510000.0,2.04,11.377,0.1047,0.4243
1080,2024,9396234000.0,4966022000.0,2.48,12.848,0.0982,0.4353
1080,2025,9877297000.0,5116238000.0,2.49,10.3395,0.0304,0.4573
1111,2021,,,,,,
1111,2022,1090195935.0,424598326.0,3.54,13.3535,0.0,0.8479
1111,2023,1072780190.0,390060733.0,3.25,12.3535,0.0677,0.7107
1111,2024,1446558786.0,621842981.0,5.18,17.809,0.0999,0.4438
1111,2025,1261233519.0,395608265.0,3.3,11.4908,0.1705,1.0162
1120,2022,28553507000.0,17150825000.0,2.8267,17.1123,0.0072,
1120,2023,27433692000.0,16621159000.0,2.6333,15.5688,0.0414,0.5776
1120,2024,31912742000.0,19722206000.0,3.1133,16.03,0.3084,0.4868
1120,2025,38967166000.0,24791754000.0,3.9,17.3658,0.5626,0.3566
1140,2022,5174125000.0,2081688000.0,1.3933,15.5362,0.2657,
1140,2023,5303104000.0,2368938000.0,1.5917,15.5258,0.2243,0.2111
1140,2024,5654008000.0,2806531000.0,1.88,16.8124,0.2054,0.4009
1140,2025,6186078000.0,3049353000.0,1.99,14.2787,0.1669,0.2214
1150,2022,7967671000.0,3599140000.0,1.1533,11.291,1.9781,0.4699
1150,2023,9686112000.0,4839206000.0,1.5583,14.0947,2.846,0.5551
1150,2024,10934157000.0,5831661000.0,1.85,14.0719,2.4649,0.341
1150,2025,11841459000.0,6397149000.0,1.975,13.2608,2.6047,0.4666
1180,2022,34071100000.0,18580690000.0,3.03,11.195,0.0892,0.482
1180,2023,35889512000.0,20009968000.0,3.23,11.3754,0.2593,0.3891
1180,2024,37401819000.0,21192995000.0,3.44,11.0056,0.5008,0.5096
1180,2025,40843879000.0,25013279000.0,4.04,12.3049,0.6555,0.4797
1182,2021,,,,,,
1182,2022,224255000.0,96722000.0,0.9511,7.8318,1.4407,0.7962
1182,2023,180804000.0,31806000.0,0.31,2.6826,2.2097,2.2788
1182,2024,244462000.0,46314000.0,0.45,3.7816,2.6061,
1182,2025,343563000.0,65226000.0,0.64,5.091,2.3919,
1183,2021,,,,,,
1183,2022,189411427.0,95889625.0,0.96,5.6118,1.5019,0.8072
1183,2023,112020000.0,2326000.0,0.02,0.1401,1.6144,21.4961
1183,2024,144982000.0,26528000.0,0.27,1.5719,1.6489,
1183,2025,201232000.0,50676000.0,0.51,2.9166,1.6874,
1201,2021,,,,,,
1201,2022,1045399000.0,-158916000.0,-2.3767,-36.5639,1.5075,
1201,2023,818163000.0,-223333000.0,-4.09,-109.6097,3.6094,
1201,2024,671735000.0,-75835000.0,-1.05,-19.3636,1.5186,
1201,2025,601625000.0,-202030000.0,-2.64,-105.8558,3.7175,
1202,2022,1187005798.0,269698532.0,4.05,22.8355,0.4861,0.2781
1202,2023,866752771.0,-80269141.0,-1.2,-7.4718,0.5509,-0.4153
1202,2024,1065255961.0,-77326129.0,-0.89,-4.8141,0.4414,
1202,2025,1060527264.0,23410074.0,0.27,1.4378,0.4578,
1210,2021,,,,,,
1210,2022,674665582.0,40432242.0,1.47,6.5908,0.6133,0.2622
1210,2023,741107788.0,5518143.0,0.2,0.9316,0.5326,4.987
1210,2024,755578948.0,8505126.0,0.31,1.4152,0.5151,
1210,2025,729974364.0,17374953.0,0.63,2.9439,0.5795,1.5827
1211,2021,,,,,,
1211,2022,40277122289.0,9319047152.0,2.52,20.6772,0.9549,
1211,2023,29271927826.0,1577326494.0,0.43,3.3977,0.841,
1211,2024,32546157340.0,2871544808.0,0.78,5.5343,0.7237,
1211,2025,38577730228.0,7347878280.0,1.91,11.9297,0.5495,
1212,2021,,,,,,
1212,2022,2594148494.0,474316220.0,5.93,25.6472,0.2859,0.253
1212,2023,2819586562.0,475326552.0,5.94,22.3378,0.4565,0.4208
1212,2024,3062261277.0,589340930.0,7.37,23.3513,0.2043,0.3394
1212,2025,3070726717.0,666812348.0,8.34,22.5123,0.0786,0.3599
1213,2021,,,,,,
1213,2022,280181000.0,-1376000.0,-0.09,-1.3056,2.0915,
1213,2023,260517000.0,-15931000.0,-1.46,-17.6719,2.1494,
1213,2024,196755000.0,-42594000.0,-3.91,-88.8708,3.4779,
1213,2025,72021000.0,-34013000.0,-3.12,-226.6023,8.7759,
1214,2021,,,,,,
1214,2022,1037226000.0,32832000.0,0.4925,5.0186,0.8661,
1214,2023,1236237000.0,65427000.0,0.9833,9.1158,0.5763,
1214,2024,1415906000.0,81586000.0,1.225,10.2216,0.3628,
1214,2025,1394968000.0,81749000.0,1.2275,9.5966,0.5931,0.3395
1301,2021,,,,,,
1301,2022,1026362591.0,56675330.0,2.0125,12.6074,0.0093,0.898
1301,2023,792781846.0,20419420.0,0.63,5.4897,0.0094,1.3752
1301,2024,707286079.0,16232927.0,0.58,4.4165,0.0063,1.2974
1301,2025,770546967.0,5182654.0,0.18,1.4571,0.0112,2.709
1302,2021,,,,,,
1302,2022,3364258000.0,162850000.0,2.71,18.8595,0.7187,0.5895
1302,2023,3351813000.0,136040000.0,2.27,14.7881,0.4859,0.5734
1302,2024,3020204000.0,106032000.0,1.77,11.4162,0.9789,0.8206
1302,2025,4069650000.0,218299000.0,3.64,20.0267,1.2622,
1303,2021,,,,,,
1303,2022,1066088833.0,94170010.0,0.08,14.9296,0.7254,0.4779
1303,2023,1559350954.0,201033987.0,0.18,26.9917,0.5584,0.4197
1303,2024,1987068838.0,401730829.0,0.36,42.4635,0.0964,0.4893
1303,2025,2296241064.0,629929051.0,0.57,48.5306,0.0247,0.4446
1304,2021,,,,,,
1304,2022,1464976007.0,-26655991.0,-0.52,-4.1229,1.4231,
1304,2023,1559533721.0,-130142311.0,-2.56,-25.1169,1.8023,
1304,2024,1956591394.0,70800717.0,1.39,12.0188,1.4909,
1304,2025,1878583619.0,59687481.0,1.17,9.5988,1.3458,
1320,2021,,,,,,
1320,2022,747622847.0,54205644.0,1.072,9.8463,0.4154,
1320,2023,1334708124.0,173051631.0,3.424,23.9726,0.7463,
1320,2024,1630189005.0,180630645.0,3.574,20.9438,0.6368,0.2076
1320,2025,1412253836.0,191533818.0,3.79,22.4608,0.3285,1.0423
1321,2022,,,,,,
1321,2023,1438646383.0,99920835.0,3.17,16.2357,0.419,
1321,2024,1543167801.0,267507881.0,8.49,31.4008,0.3463,0.1178
1321,2025,1832845313.0,382123608.0,12.13,33.6837,0.1073,0.2473
1321,2026,2297739980.0,573262283.0,18.2,36.6576,0.0137,0.2473
1810,2021,,,,,,
1810,2022,2114376670.0,-47729661.0,-0.16,-0.8807,0.2971,
1810,2023,3290821152.0,225708068.0,0.761,3.5164,0.3665,
1810,2024,4090827684.0,-198975107.0,-0.676,-3.3807,0.3515,
1810,2025,4716397515.0,46395589.0,0.168,0.8056,0.4032,
1820,2021,,,,,,
1820,2022,720893000.0,-81488000.0,-0.26,-28.0832,5.0913,
1820,2023,742139000.0,-89819000.0,-0.29,-44.1516,7.4153,
1820,2024,678696000.0,5310000.0,0.02,2.5697,6.676,
1820,2025,649040000.0,-201814000.0,-0.64,-7230.885,431.254,
1830,2021,,,,,,
1830,2022,1065788788.0,254758323.0,4.86,27.8493,1.2799,0.4957
1830,2023,1325407138.0,356244132.0,6.8,32.706,1.4647,0.5073
1830,2024,1501366256.0,456978822.0,8.73,37.0525,1.3846,0.6179
1830,2025,1614329681.0,304870401.0,5.85,25.4045,1.6931,0.6478
1831,2021,,,,,,
1831,2022,1683594673.0,113462364.0,0.1995,20.4325,1.0694,1.0741
1831,2023,1890018520.0,100225936.0,0.1742,17.616,1.0766,0.8231
1831,2024,2235430580.0,175275326.0,0.3087,26.0421,0.9619,0.3723
1831,2025,3112462659.0,272767065.0,0.4829,31.1363,0.3751,0.2475
1832,2021,,,,,,
1832,2022,110822288.0,-7215933.0,-0.041,-4.0946,0.101,
1832,2023,104037424.0,-4245445.0,-0.024,-2.4722,0.2003,
1832,2024,111836550.0,-3753258.0,-0.02,-2.2406,0.3319,
1832,2025,143424366.0,-3379079.0,-0.02,-2.0629,0.4779,
2001,2021,,,,,,
2001,2022,1076824269.0,206428499.0,13.759,16.898,0.3062,
2001,2023,727967409.0,-177800467.0,-11.8705,-17.087,0.3584,
2001,2024,705565164.0,-278589455.0,-18.5701,-36.5405,0.8753,
2001,2025,621933855.0,-479662530.0,-31.9694,-168.176,1.4108,
2010,2021,,,,,,
2010,2022,183076594000.0,16529722000.0,5.51,8.8847,0.1871,0.8148
2010,2023,141537187000.0,-2772282000.0,-0.92,-1.6558,0.2001,-4.1125
2010,2024,117736492000.0,1538542000.0,0.51,0.984,0.2251,6.565
2010,2025,116525214000.0,-25779231000.0,-8.59,-20.0276,0.2879,-0.3734
2020,2021,,,,,,
2020,2022,18980830000.0,10036764000.0,21.08,50.4512,0.0124,0.3305
2020,2023,11033429000.0,3659449000.0,7.69,20.6256,0.012,1.4273
2020,2024,11061291000.0,3327172000.0,6.99,18.0106,0.0104,0.8572
2020,2025,13076878000.0,4322068000.0,9.08,20.3838,0.0102,0.7158
2030,2021,,,,,,
2030,2022,34478958.0,28230062.0,1.88,6.4332,,0.2657
2030,2023,15362270.0,7701643.0,0.51,1.7745,0.0,1.9476
2030,2024,9629810.0,-53487697.0,-3.57,-15.5728,0.0015,
2030,2025,4242101.0,-60182955.0,-4.01,-21.2427,0.0013,
2040,2022,1484958000.0,173920000.0,1.744,9.94,0.4267,0.5738
2040,2023,1314868000.0,-210351000.0,-2.33,-13.9814,0.5928,-0.1901
2040,2024,1348797000.0,-71859000.0,-0.72,-5.0477,0.5852,
2040,2025,1490375000.0,180687000.0,1.81,11.6286,0.5475,0.2758
2050,2022,28054703000.0,742752000.0,3.0786,8.9979,1.4376,0.1451
2050,2023,24149521000.0,899185000.0,3.7415,10.7082,1.4489,0.4282
2050,2024,23045574000.0,9974266000.0,40.0982,215.8778,1.5143,0.0003
2050,2025,26081053000.0,874462000.0,2.93,15.8531,1.0598,0.0039
2060,2021,,,,,,
2060,2022,3882862000.0,666346000.0,1.0,6.9303,0.741,
2060,2023,3566959000.0,201628000.0,0.3,2.0837,0.7486,
2060,2024,3024079000.0,-27929000.0,-0.04,-0.2893,0.9699,
2060,2025,2488722000.0,-1765250000.0,-2.64,-22.5541,0.7701,
2070,2021,,,,,,
2070,2022,1421810000.0,-165135000.0,-1.38,-10.7265,0.7027,-0.4284
2070,2023,1655441000.0,-50728000.0,-0.42,-3.6888,0.8139,-0.0091
2070,2024,1682000000.0,24535000.0,0.21,1.7801,1.0974,0.1132
2070,2025,1706711000.0,184363000.0,1.54,11.5469,0.8983,
2080,2021,,,,,,
2080,2022,2063624993.0,214063523.0,2.85,12.3382,0.0536,0.8963
2080,2023,2450972069.0,227315243.0,3.03,12.316,0.0385,0.3316
2080,2024,2862203136.0,248749238.0,3.32,13.0492,0.0714,0.6442
2080,2025,3256075233.0,249131528.0,3.32,12.6571,0.0391,0.6723
2081,2021,,,,,,
2081,2022,822032855.0,107441177.0,3.0714,27.0237,1.2805,0.6981
2081,2023,1679811258.0,140021598.0,4.0,26.0461,1.0182,
2081,2024,1952145192.0,230002219.0,6.57,29.6302,0.9027,
2081,2025,2473951052.0,255744423.0,7.31,27.9286,1.0763,0.2053
2082,2021,,,,,,
2082,2022,5275930000.0,1540035000.0,2.089,8.2532,1.2711,0.4062
2082,2023,6095010000.0,1661714000.0,2.2519,8.6738,1.334,0.4249
2082,2024,6297298000.0,1757057000.0,2.38,8.0381,1.2057,0.2563
2082,2025,7413501000.0,1852225000.0,2.47,6.3815,1.0619,0.0651
2090,2022,54737007.0,-6442845.0,-0.2,-1.8066,0.0189,-4.915
2090,2023,51892213.0,5127534.0,0.16,1.4159,0.0169,
2090,2024,63322248.0,-12693428.0,-0.4,-3.6578,0.016,
2090,2025,60582749.0,-30801789.0,-0.97,-9.8871,0.1181,
2100,2021,,,,,,
2100,2022,130516485.0,13817123.0,1.0,6.4913,0.107,0.0001
2100,2023,161631423.0,20963599.0,0.91,9.0178,0.0554,
2100,2024,156952907.0,4707765.0,0.2,1.9727,0.1082,
2100,2025,123168376.0,-46762474.0,-2.02,-24.471,0.1635,
2110,2021,,,,,,
2110,2022,68368000.0,-580476000.0,-25.04,116.9174,-0.9524,
2110,2023,30678000.0,17804000.0,2.67,-3.6836,-0.2289,
2110,2024,44079000.0,48758000.0,7.3,-11.6245,-0.2598,
2110,2025,155952000.0,201925000.0,30.26,-94.203,-0.504,
2120,2021,,,,,,
2120,2022,116047600.0,100207371.0,2.0,11.1195,0.0,0.3742
2120,2023,180154806.0,148799189.0,2.52,14.9485,0.1037,0.2016
2120,2024,342437508.0,295063946.0,5.0,23.9751,0.0839,0.2
2120,2025,-123451429.0,-162508451.0,-2.75,-16.0742,0.1602,-0.3631
2130,2021,,,,,,
2130,2022,155347238.0,-38772314.0,-1.85,-23.2297,0.2163,
2130,2023,150945257.0,-74439441.0,-1.1973,-75.8977,0.3288,
2130,2024,137669966.0,-16905612.0,-0.99,-22.9206,0.4343,-0.1775
2130,2025,98810937.0,-89058923.0,-4.84,-64.1782,0.1603,
2140,2021,,,,,,
2140,2022,266226780.0,-44767736.0,-0.5111,-6.0848,1.0222,
2140,2023,20085153.0,-216250945.0,-2.49,-43.2501,1.6229,
2140,2024,23145195.0,-164408943.0,-1.78,-27.0913,0.0091,
2140,2025,8685756.0,359733625.0,3.57,37.7747,0.0686,
2150,2021,,,,,,
2150,2022,112317021.0,104330993.0,3.17,15.0834,0.0856,0.3108
2150,2023,153919955.0,47878843.0,1.46,6.635,0.0212,0.6766
2150,2024,138930443.0,96831561.0,2.94,12.8375,0.035,0.6786
2150,2025,128568280.0,83660329.0,2.54,10.1833,0.039,0.1964
2160,2021,,,,,,
2160,2022,508817000.0,-8781000.0,-0.2913,-2.6017,3.3992,
2160,2023,718962000.0,-174656000.0,-3.94,-104.1001,6.8609,
2160,2024,848298000.0,439836000.0,9.92,49.9432,0.299,
2160,2025,691100000.0,-78100000.0,-1.75,-9.1904,0.2751,
2170,2021,,,,,,
2170,2022,1911180000.0,64543000.0,1.31,2.5005,0.4003,1.1412
2170,2023,1396733000.0,-82245000.0,-1.61,-2.7124,0.364,
2170,2024,1555330000.0,-50703000.0,-0.73,-1.4515,0.0075,
2170,2025,1301506000.0,-833850000.0,-12.05,-33.2517,0.0064,-0.1856
2180,2021,,,,,,
2180,2022,260654273.0,9795159.0,0.85,7.4187,0.5793,
2180,2023,258194159.0,11989910.0,1.04,8.3436,0.4144,
2180,2024,245679984.0,930509.0,0.08,0.6398,0.346,
2180,2025,251634511.0,-19107882.0,-1.66,-15.14,0.6841,
2190,2022,993837003.0,36729508.0,0.45,2.4229,0.5799,1.7773
2190,2023,1603429121.0,71203083.0,0.87,4.719,0.9623,0.9168
2190,2024,1320957294.0,-741877.0,-0.01,-0.0502,0.9331,-43.8539
2190,2025,1605538520.0,96398279.0,1.19,6.4507,0.9022,0.675
2200,2022,479048000.0,-10488000.0,-0.042,-10.3523,4.244,
2200,2023,1089133000.0,132105000.0,0.528,56.6685,2.0117,
2200,2024,1138273000.0,168177000.0,0.672,41.9065,1.0442,
2200,2025,874055000.0,110474000.0,0.44,22.6325,0.2674,0.2037
2210,2021,554277000.0,27689000.0,1.183,7.9154,1.5078,
2210,2022,577211000.0,37016000.0,1.574,9.5902,1.2663,
2210,2023,445246000.0,-156885000.0,-6.67,-68.3666,2.2924,
2210,2024,380301000.0,11719000.0,0.498,4.8004,2.2981,
2220,2022,257631441.0,-38997304.0,-1.1,-12.3579,0.1066,
2220,2023,217269795.0,-31470394.0,-0.89,-11.0702,0.1013,
2220,2024,244497759.0,-40296356.0,-1.14,-16.4155,0.115,
2220,2025,239998016.0,-22294769.0,-0.63,-9.882,0.2679,
2222,2021,,,,,,
2222,2022,2266373000000.0,597215000000.0,2.47,41.2181,0.2713,0.471
2222,2023,1856373000000.0,452753000000.0,1.87,29.5029,0.1891,0.8099
2222,2024,1801674000000.0,393891000000.0,1.63,27.0116,0.219,1.1829
2222,2025,1671204000000.0,348042000000.0,1.44,23.3273,0.2437,0.9207
2230,2021,,,,,,
2230,2022,3695868000.0,80223000.0,0.1,4.8331,0.9079,0.5256
2230,2023,4854848000.0,182886000.0,0.22,10.1587,0.6813,0.2308
2230,2024,6375284000.0,291241000.0,0.35,13.9287,0.7588,0.1448
2230,2025,6880674000.0,335318000.0,0.4,14.0721,0.4965,0.1257
2240,2021,,,,,,
2240,2022,3926186000.0,-178069000.0,-2.97,-23.0994,3.7717,
2240,2023,4684427000.0,-297843000.0,-4.96,-65.9232,5.2127,
2240,2024,6090496000.0,26805000.0,0.45,5.951,4.8192,
2240,2025,6200549000.0,101027000.0,1.68,18.4434,4.0892,
2250,2021,,,,,,
2250,2022,0.0,277440000.0,0.4556,2.5961,,6.1088
2250,2023,0.0,112201000.0,0.1667,1.1195,,3.3883
2250,2024,0.0,201243000.0,0.3,2.0463,,3.7482
2250,2025,0.0,-103672000.0,-0.15,-1.2058,,-1.6075
2270,2022,2170327000.0,207291000.0,6.48,13.4587,0.0433,0.9272
2270,2023,2648013000.0,308771000.0,9.65,18.6776,0.0387,0.6205
2270,2024,2857652000.0,483687000.0,15.12,26.7637,0.0295,1.1887
2270,2025,2999400000.0,477389000.0,14.92,27.3935,0.0404,1.1402
2280,2021,,,,,,
2280,2022,18722258000.0,1759812000.0,1.79,10.5559,0.6039,0.5566
2280,2023,19575585000.0,2049123000.0,2.08,11.5134,0.7012,0.4785
2280,2024,20979512000.0,2313100000.0,2.34,12.3098,0.5677,0.4266
2280,2025,22064876000.0,2456093000.0,2.48,11.9649,0.6352,0.4012
2281,2021,,,,,,
2281,2022,1727041745.0,186809894.0,9.34,30.4067,1.0231,0.0546
2281,2023,2093092807.0,75940950.0,3.8,12.2718,1.3268,0.9217
2281,2024,2563484224.0,95822173.0,4.79,14.0498,1.9352,0.467
2281,2025,2653480898.0,-18834977.0,-0.94,-3.0606,2.8153,-2.5936
2290,2021,,,,,,
2290,2022,7024050000.0,414145000.0,0.74,2.9475,0.0105,4.0671
2290,2023,4532731000.0,-485144000.0,-0.86,-4.0766,0.0095,-2.608
2290,2024,6160538000.0,420334000.0,0.75,3.7407,0.0094,2.3433
2290,2025,5601167000.0,79098000.0,0.14,0.7359,0.0095,14.2382
2300,2021,,,,,,
2300,2022,691864895.0,46894939.0,1.4727,11.6851,1.255,
2300,2023,811082497.0,72935736.0,1.97,15.4327,0.9081,
2300,2024,837244039.0,83237867.0,2.25,16.2324,0.9467,0.5348
2300,2025,850293750.0,66696285.0,1.8,11.5027,0.9424,
2310,2021,,,,,,
2310,2022,10253628000.0,3595291000.0,4.96,22.7446,0.2197,0.656
2310,2023,7617941000.0,1174994000.0,1.62,7.5469,0.1747,1.2343
2310,2024,7060592000.0,426139000.0,0.59,2.7963,0.1482,1.7016
2310,2025,6809747000.0,-860459000.0,-1.19,-6.3119,0.2104,-0.8427
2320,2021,,,,,,
2320,2022,2197055167.0,52630638.0,0.83,6.3933,1.6764,0.405
2320,2023,2490493706.0,141491850.0,2.21,15.6373,1.4252,0.1506
2320,2024,2812476486.0,265748386.0,4.16,24.7995,0.8877,0.3609
2320,2025,2857416540.0,453058537.0,7.08,34.5807,0.6012,0.4234
2330,2022,2948471000.0,294501000.0,1.135,9.0909,1.2237,1.9337
2330,2023,2373514000.0,171061000.0,0.66,5.2959,2.1948,0.8326
2330,2024,2192636000.0,-259180000.0,-1.0,-9.0217,2.9218,-0.0001
2330,2025,3501939000.0,226226000.0,0.88,7.3197,3.0457,
2340,2021,,,,,,
2340,2022,647504000.0,-57867000.0,-0.71,-4.5157,0.1868,
2340,2023,522605000.0,-74790000.0,-0.92,-6.297,0.2144,
2340,2024,562168000.0,-129115000.0,-1.59,-12.5384,0.244,
2340,2025,563982000.0,21318000.0,0.26,2.0156,0.2081,
2350,2021,,,,,,
2350,2022,11157015000.0,-1243890000.0,-0.83,-8.0369,0.6507,
2350,2023,8170642000.0,-2136474000.0,-1.42,-16.083,0.7656,
2350,2024,8726026000.0,-1803717000.0,-1.2,-15.6806,0.7284,
2350,2025,8458846000.0,-2293883000.0,-1.53,-24.9882,0.9957,
2360,2021,,,,,,
2360,2022,76349895.0,-8762676.0,-0.5002,-3.2631,0.0227,
2360,2023,75674768.0,-59140066.0,-3.3981,-28.1788,0.0326,
2360,2024,58487014.0,-108445350.0,-6.2357,-106.2809,0.2626,
2360,2025,68268505.0,-32492500.0,-1.8716,-47.0431,0.7075,
2370,2022,814395347.0,-11788217.0,-0.29,-3.5907,0.3245,
2370,2023,926882487.0,48935113.0,1.22,12.9583,0.0427,
2370,2024,1143914626.0,90997994.0,2.27,19.6009,0.1989,
2370,2025,1482004866.0,101663090.0,2.54,18.8683,0.3409,0.3935
2380,2022,55952481000.0,-1114881000.0,-0.79,-7.3084,2.4065,-0.0
2380,2023,44603993000.0,-4692733000.0,-2.81,-44.478,3.6771,-0.0
2380,2024,38662135000.0,-4544527000.0,-2.72,-46.3571,3.2489,-0.0
2380,2025,35008493000.0,-3898704000.0,-2.33,-29.9214,1.9343,
2381,2021,,,,,,
2381,2022,2703535475.0,557719959.0,6.85,9.9774,0.4879,0.0389
2381,2023,3476523864.0,604613933.0,6.79,10.1421,0.535,0.3724
2381,2024,3618817503.0,321364737.0,3.61,5.4118,0.5091,1.073
2381,2025,3433327363.0,-75250331.0,-0.85,-1.3096,0.5287,-1.5941
3002,2021,,,,,,
3002,2022,535686000.0,112809000.0,0.66,5.7486,0.1441,0.7517
3002,2023,485651000.0,55162000.0,0.32,2.7943,0.1727,0.7681
3002,2024,534505000.0,68429000.0,0.4,3.3506,0.1466,
3002,2025,516125000.0,36746000.0,0.22,1.8057,0.129,0.0151
3003,2022,431381721.0,115010427.0,0.82,6.3224,0.0021,1.0956
3003,2023,356469662.0,82001085.0,0.59,4.6167,0.0013,1.5366
3003,2024,520836291.0,144119933.0,1.03,8.0284,0.0009,0.8743
3003,2025,519638396.0,128925087.0,0.92,7.0357,0.0006,0.7058
3004,2021,,,,,,
3004,2022,617958173.0,112023420.0,0.62,5.027,0.3947,0.8034
3004,2023,689553324.0,56259215.0,0.31,2.5115,0.427,0.7999
3004,2024,622520069.0,100799650.0,0.56,4.4756,0.4345,0.8929
3004,2025,683517776.0,56062016.0,0.31,2.4783,0.4719,0.8027
3005,2021,,,,,,
3005,2022,221216841.0,22986944.0,0.42,3.0161,0.4187,0.5982
3005,2023,168947617.0,3951063.0,0.07,0.5158,0.4095,
3005,2024,265590348.0,47719184.0,0.87,5.8652,0.3422,
3005,2025,279057429.0,45775125.0,0.83,5.3287,0.2341,
3007,2021,,,,,,
3007,2022,624740216.0,15739163.0,0.07,5.3215,0.8592,1.4296
3007,2023,572490017.0,33873193.0,0.151,10.7161,0.7938,0.3985
3007,2024,544688020.0,12077393.0,0.054,4.0547,0.7531,2.515
3007,2025,475341838.0,3196552.0,0.014,1.0984,0.5859,3.1675
3008,2021,,,,,,
3008,2022,129371710.0,1709762.0,0.03,1.2645,0.3539,
3008,2023,129179914.0,-4138744.0,-0.02,-3.2192,1.1225,
3008,2024,183872514.0,-19004824.0,-0.08,-17.3316,1.2247,
3008,2025,274029265.0,-40838914.0,-0.18,-58.2732,1.9973,
3010,2021,,,,,,
3010,2022,970949000.0,181006000.0,1.81,6.8686,0.0897,1.4366
3010,2023,875760000.0,139633000.0,1.4,5.4266,0.0586,1.3141
3010,2024,857855000.0,160097000.0,1.6,6.2406,0.035,0.9132
3010,2025,1062199000.0,165015000.0,1.65,6.4018,0.0096,0.7474
3020,2021,,,,,,
3020,2022,1008111137.0,355798550.0,1.76,7.6495,0.2383,0.0013
3020,2023,935192569.0,304251843.0,1.5,6.4279,0.2797,0.6675
3020,2024,1172979234.0,420705984.0,2.08,8.6863,0.3702,0.4756
3020,2025,1423215257.0,482877524.0,2.38,9.7164,0.3697,0.4434
3030,2021,,,,,,
3030,2022,1419821000.0,398838000.0,2.61,17.394,0.1516,1.3135
3030,2023,1461832000.0,381027000.0,2.49,17.6458,0.2064,1.3367
3030,2024,1675807000.0,421874000.0,2.76,18.8293,0.1334,0.8128
3030,2025,1671202000.0,363683000.0,2.38,16.3832,0.1036,1.0646
3040,2021,,,,,,
3040,2022,678456217.0,130512557.0,1.45,7.8396,0.0009,1.5692
3040,2023,583559913.0,141970722.0,1.58,8.9895,0.0004,1.6237
3040,2024,967578131.0,287491196.0,2.85,10.4578,0.001,0.9614
3040,2025,1133302818.0,259932859.0,2.37,9.7801,0.0387,1.3458
3050,2021,,,,,,
3050,2022,1222409001.0,300708182.0,2.15,9.3807,0.079,0.9336
3050,2023,1070264178.0,195401445.0,1.4,6.1112,0.1145,0.6165
3050,2024,935028850.0,193026957.0,1.38,5.9544,0.2027,0.9928
3050,2025,867338252.0,-48512243.0,-0.35,-1.5824,0.4123,-2.1089
3060,2021,,,,,,
3060,2022,981168444.0,215407476.0,1.37,7.7801,0.0618,1.0996
3060,2023,827216726.0,119921196.0,0.76,4.5219,0.1575,1.9622
3060,2024,876749280.0,157120485.0,1.0,6.029,0.1222,1.2477
3060,2025,1083964180.0,104467957.0,0.66,4.1582,0.0622,1.8532
3080,2021,,,,,,
3080,2022,784197000.0,143300000.0,1.67,6.0377,0.003,1.2549
3080,2023,995666000.0,196492000.0,2.28,8.2283,0.0028,0.6991
3080,2024,1210646000.0,247883000.0,2.88,10.8074,0.0026,0.5552
3080,2025,1261985000.0,202465000.0,2.35,8.6486,0.1594,0.6779
3090,2021,,,,,,
3090,2022,297549464.0,20967188.0,0.233,1.6271,0.1668,1.1069
3090,2023,265083135.0,15012235.0,0.167,1.1624,0.1252,0.0453
3090,2024,343363336.0,79562528.0,0.884,6.6179,0.0822,0.56
3090,2025,287041234.0,37290045.0,0.414,3.1861,0.0296,1.2067
3091,2021,,,,,,
3091,2022,251861520.0,30893914.0,0.28,2.7909,0.5483,
3091,2023,269284152.0,37678330.0,0.35,3.2922,0.5339,
3091,2024,256504047.0,-27731380.0,-0.26,-2.4838,0.6532,
3091,2025,244311341.0,-206564677.0,-1.9,-22.6971,0.7709,
4001,2021,,,,,,
4001,2022,9549545554.0,1079509086.0,1.2,73.4223,1.1742,0.9561
4001,2023,10233719474.0,482047729.0,0.54,34.1213,1.4516,1.0735
4001,2024,10762916016.0,511021992.0,0.57,37.228,2.0265,1.0567
4001,2025,11088796665.0,250097452.0,0.28,20.3886,2.4597,1.6554
4002,2021,,,,,,
4002,2022,2334112284.0,599305261.0,3.0,20.5042,0.3052,0.4589
4002,2023,2705508121.0,657687906.0,3.29,20.0695,0.2406,0.4561
4002,2024,2879372341.0,645759043.0,3.23,18.0969,0.2135,0.542
4002,2025,3222580029.0,822041282.0,4.11,21.7586,0.2619,0.7299
4003,2021,,,,,,
4003,2022,6031066000.0,440174000.0,5.85,38.6355,1.5629,0.6669
4003,2023,6200688000.0,390462000.0,5.12,30.4012,1.5355,0.6829
4003,2024,6781200000.0,527895000.0,6.9026,30.8773,1.1142,1.3039
4003,2025,7446115000.0,497002000.0,6.57,30.3839,1.3917,0.7665
4004,2021,,,,,,
4004,2022,2487983135.0,274463823.0,3.05,13.7932,0.9938,0.6558
4004,2023,2942897701.0,360122537.0,3.7,11.2419,0.616,0.4284
4004,2024,3205733994.0,471202060.0,4.83,13.585,0.5832,0.427
4004,2025,4066888893.0,538268320.0,5.32,13.1851,0.9637,0.3875
4005,2021,,,,,,
4005,2022,917934901.0,170074845.0,3.79,13.4597,0.0658,0.2637
4005,2023,1081783416.0,240927386.0,5.37,16.5764,0.2272,0.1862
4005,2024,1293685328.0,294699098.0,6.58,18.1237,0.2999,0.3044
4005,2025,1600361606.0,318469575.0,7.13,17.2219,0.2791,0.2807
4006,2022,1798679985.0,22826074.0,0.51,3.4642,1.7974,
4006,2023,1813405062.0,21791819.0,0.48,3.2989,1.8502,1.0325
4006,2024,1835212692.0,25429968.0,0.57,3.7126,1.8755,
4006,2025,1780204311.0,24676360.0,0.55,3.4717,1.9328,
4007,2021,,,,,,
4007,2022,1122397025.0,257336168.0,1.61,15.0439,0.2111,0.7734
4007,2023,1176763617.0,303330872.0,1.9,16.4414,0.1703,0.5509
4007,2024,1153880931.0,338800814.0,2.12,17.2747,0.1551,0.6634
4007,2025,1234531248.0,241859844.0,1.51,12.0618,0.1428,0.8265
4008,2021,,,,,,
4008,2022,1136538153.0,-142500986.0,-3.96,-34.4396,1.414,
4008,2023,930119458.0,-68965603.0,-1.92,-20.0629,1.1875,
4008,2024,993640008.0,-14085949.0,-0.39,-4.317,1.5137,
4008,2025,1067106530.0,45587606.0,1.27,12.2948,0.7472,
4009,2022,2151743736.0,75182816.0,0.82,5.6587,1.6863,
4009,2023,2653170475.0,17038421.0,0.19,1.2912,1.8833,
4009,2024,2882818291.0,282001652.0,3.06,17.3421,1.5164,
4009,2025,3102632953.0,301884250.0,3.28,16.1232,1.3585,0.1524
4011,2021,,,,,,
4011,2022,1999626921.0,34161868.0,0.59,8.7718,0.086,0.4536
4011,2023,1864233575.0,30833786.0,0.54,8.5537,0.111,0.591
4011,2024,2108489806.0,11700333.0,0.2,4.1888,0.2647,1.5331
4011,2025,2904624652.0,-42172333.0,-0.73,-17.1667,0.2686,
4012,2021,,,,,,
4012,2022,508801895.0,53436256.0,0.13,9.3337,0.0421,1.1228
4012,2023,532222367.0,76915786.0,0.19,13.1548,0.0407,0.8451
4012,2024,522463957.0,83903649.0,0.21,14.1494,0.0521,0.9058
4012,2025,528179412.0,100112096.0,0.25,16.3962,0.0544,0.7991
4013,2022,8310738514.0,1650750047.0,4.72,28.0802,0.599,0.6891
4013,2023,9508438768.0,2046013922.0,5.85,31.5476,0.7992,0.7014
4013,2024,11200434264.0,2315290800.0,6.62,32.2682,1.138,0.709
4013,2025,13706897641.0,2401470273.0,6.86,30.3918,1.1775,0.6923
4020,2021,,,,,,
4020,2022,2051276000.0,110539000.0,0.2933,2.399,0.7372,
4020,2023,1814225000.0,67634000.0,0.18,1.4242,0.6907,
4020,2024,1987668000.0,215063000.0,0.57,4.3194,0.6675,
4020,2025,1880085000.0,295965000.0,0.79,5.5861,0.5813,
4030,2022,8582580000.0,1040909000.0,1.128,9.9218,0.949,
4030,2023,8777500000.0,1613428000.0,1.752,13.6286,0.7058,0.1525
4030,2024,9482387000.0,2169392000.0,2.35,15.9219,0.7137,0.1872
4030,2025,10346721000.0,2431341000.0,2.63,15.9231,0.8019,0.3037
4031,2021,,,,,,
4031,2022,1977037000.0,-244488000.0,-1.3,-11.631,0.3601,
4031,2023,2458888000.0,211477000.0,1.12,9.0705,0.1445,
4031,2024,2683844000.0,327034000.0,1.74,13.0101,0.0661,0.573
4031,2025,2729708000.0,404709000.0,2.15,15.7745,0.0664,0.9291
4040,2021,,,,,,
4040,2022,1319467000.0,-90872000.0,-0.73,-9.6152,1.8142,
4040,2023,1569656000.0,-35584000.0,-0.28,-3.8929,1.4638,
4040,2024,1459637000.0,-9628000.0,-0.08,-1.0444,1.4006,
4040,2025,1826576000.0,58287000.0,0.47,5.9667,1.3832,
4050,2021,,,,,,
4050,2022,7852211128.0,75177274.0,1.0714,9.7273,5.1603,0.7544
4050,2023,9112927440.0,114552035.0,1.64,13.6197,4.5553,1.0263
4050,2024,10186571683.0,44212614.0,0.63,5.2048,5.0871,1.8683
4050,2025,11804027614.0,64285721.0,0.92,7.2092,5.2546,0.0008
4051,2022,263353491.0,21775621.0,0.215,11.4379,0.1446,1.1392
4051,2023,257105584.0,21650725.0,2.14,11.157,0.101,0.8418
4051,2024,263366652.0,23305570.0,0.23,11.7021,0.0815,0.782
4051,2025,268765278.0,25660266.0,0.25,12.4578,0.1143,0.7102
4061,2021,,,,,,
4061,2022,28110908.0,-28319864.0,-1.42,-10.9697,0.6545,
4061,2023,51155553.0,12136424.0,0.38,4.4498,0.6319,0.0009
4061,2024,43874710.0,102528.0,0.003,0.0384,0.5925,0.174
4061,2025,40148398.0,-20042173.0,-0.636,-8.1014,0.6004,
4070,2022,,,,,,
4070,2023,81825301.0,-60496313.0,-5.5772,125.6559,-1.5376,
4070,2024,68105243.0,-56452177.0,-2.4607,-23.9057,0.1699,
4070,2025,25902011.0,-9625972.0,-0.42,-4.2423,0.14,
4070,2026,33062855.0,-52793393.0,-2.31,-30.8906,0.0,
4080,2021,,,,,,
4080,2022,1757555333.0,10123556.0,0.08,0.8178,0.658,0.074
4080,2023,1639831451.0,-132646446.0,-1.05,-12.2422,0.6499,-0.0006
4080,2024,1743374758.0,-3874739.0,-0.03,-0.3593,0.5691,-0.0183
4080,2025,1694380532.0,-14813601.0,-0.12,-1.437,0.4764,-0.001
4081,2021,,,,,,
4081,2022,364341000.0,171457000.0,1.43,13.3046,0.4298,0.4374
4081,2023,346640000.0,88714000.0,0.74,6.443,0.4538,
4081,2024,319240000.0,131236000.0,1.09,9.0634,0.3287,
4081,2025,298241000.0,-126337000.0,-1.06,-10.1924,0.6749,-0.7859
4090,2021,,,,,,
4090,2022,330283906.0,139570012.0,0.4532,3.8437,0.0991,0.0423
4090,2023,536406532.0,109161022.0,0.3386,1.6644,0.3035,0.024
4090,2024,1315282488.0,333724736.0,0.6668,4.8736,0.2828,0.5088
4090,2025,1364338692.0,364807954.0,0.7293,5.3253,0.3159,0.5327
4100,2022,461348095.0,155586497.0,0.7746,4.6305,,
4100,2022,,,,,,
4100,2023,730913542.0,334234764.0,1.6729,8.1689,0.0312,0.4839
4100,2024,836040336.0,411041500.0,2.05,10.1382,0.0252,0.5951
4100,2025,1072462567.0,474116690.0,2.37,12.3452,0.0272,0.6229
4110,2021,474828927.0,-9649264.0,-0.032,-4.2728,1.2351,
4110,2022,427495117.0,-30837648.0,-0.05,-6.6295,0.5021,
4110,2023,480572141.0,-13890857.0,-0.023,-3.0454,0.5451,
4110,2024,482208372.0,-56556790.0,-0.094,-14.2404,0.7479,
4130,2021,,,,,,
4130,2022,11516628.0,-7975100.0,-0.0401,-3.7729,0.2999,
4130,2023,16061894.0,3496076.0,0.016,1.627,0.0527,
4130,2024,18098518.0,8375608.0,0.0038,3.755,0.0469,
4130,2025,18273097.0,6778423.0,0.0311,2.9493,0.0376,
4140,2021,,,,,,
4140,2022,266530.0,-21093008.0,-0.153,-13.1813,0.0,
4140,2023,13233505.0,-15604475.0,-0.08,-10.803,,
4140,2024,22976364.0,-19566893.0,-0.1,-15.661,,
4140,2025,0.0,-24924510.0,-0.13,-24.9188,,
4141,2021,,,,,,
4141,2022,126933111.0,5791528.0,0.5702,5.0159,0.396,0.777
4141,2023,130438494.0,-13906393.0,-1.1934,-8.7163,0.3296,
4141,2024,141961506.0,-3523471.0,-0.29,-2.2623,0.1963,
4141,2025,116840078.0,-8258896.0,-0.69,-5.5889,0.3343,
4150,2021,,,,,,
4150,2022,258897034.0,300356265.0,1.69,13.6672,0.0235,0.4398
4150,2023,339185405.0,271539533.0,1.53,11.4052,0.0202,0.3261
4150,2024,321517468.0,296196445.0,1.67,11.6437,0.0213,0.4429
4150,2025,384157259.0,296062285.0,1.3,7.1737,0.012,0.3904
4160,2021,,,,,,
4160,2022,0.0,-2955601.0,-0.7757,2.9407,-0.3187,
4160,2023,0.0,-6530218.0,-1.0,-20.971,0.4535,
4160,2024,0.0,-8013419.0,-1.23,-32.2645,0.6159,
4160,2025,0.0,-13027361.0,-2.0,-117.9971,1.0924,
4161,2021,,,,,,
4161,2022,4897027199.0,118654833.0,0.1,8.7565,1.6962,1.4931
4161,2023,5602927344.0,276531287.0,0.24,19.7633,1.5618,0.8267
4161,2024,5677685762.0,272158318.0,0.24,19.4545,1.6476,0.8387
4161,2025,6347958607.0,269931705.0,0.24,17.6422,1.8467,0.5918
4170,2021,,,,,,
4170,2022,10152564.0,-7232908.0,-24.0,-1.3131,,
4170,2023,9606648.0,-44196274.0,-0.8,-8.7258,0.0,
4170,2024,9977550.0,6367340.0,0.11,1.2641,0.0005,
4170,2025,9335144.0,-11484632.0,-0.2,-2.3665,0.0003,
4180,2021,,,,,,
4180,2022,53346735.0,-31865495.0,-0.12,-7.1502,0.0107,
4180,2023,45721144.0,5207720.0,0.02,1.0926,0.0075,2.1122
4180,2024,42134894.0,14515058.0,0.053,3.0454,0.0047,
4180,2025,45183292.0,4045639.0,0.015,0.8477,0.0041,1.6994
4190,2021,,,,,,
4190,2022,9391699000.0,969761000.0,0.81,53.8298,0.4001,0.9528
4190,2023,10594919000.0,973043000.0,0.81,54.9258,0.4032,1.0174
4190,2024,10619263000.0,973955000.0,0.81,55.8188,0.4538,1.0226
4190,2025,11365153000.0,1049192000.0,0.87,59.5435,0.4224,0.9836
4191,2023,314377131.0,16916216.0,0.85,6.9666,0.0649,0.5911
4191,2024,270489551.0,26936557.0,1.35,11.2692,0.1615,1.1137
4191,2025,270129137.0,22129415.0,1.11,9.2064,0.2214,0.9038
4191,2026,259526346.0,24613435.0,1.23,10.0182,0.2791,0.8126
4200,2021,,,,,,
4200,2022,12356078987.0,241826918.0,2.415,21.7991,3.1229,0.4652
4200,2023,14834059328.0,280814473.0,2.81,24.0707,3.5691,0.5342
4200,2024,19288553013.0,344650993.0,3.44,24.3261,2.9804,0.2176
4200,2025,25760827915.0,421845770.0,4.22,24.9836,2.5819,0.3556
4210,2021,,,,,,
4210,2022,3709838682.0,648791550.0,8.11,24.4679,0.3539,
4210,2023,3746229929.0,559620553.0,7.0,18.1525,0.3045,
4210,2024,3263352508.0,201690449.0,2.52,6.2754,0.2933,
4210,2025,2672986045.0,-366275192.0,-4.58,-12.5977,0.343,
4220,2021,,,,,,
4220,2022,363267000.0,-1157290000.0,-2.2092,-17.3904,0.95,
4220,2023,1031357000.0,-253220000.0,-0.4839,-3.9527,1.0909,
4220,2024,425970000.0,-1134565000.0,-2.17,-21.5414,1.5394,
4220,2025,1138223000.0,-8898000.0,-0.02,-0.0952,0.4946,
4230,2021,,,,,,
4230,2022,404207000.0,-196132000.0,-6.49,-166.0602,1.4298,
4230,2023,1378489000.0,-48015000.0,-1.59,-67.7872,5.3599,
4230,2024,2984238000.0,-62365000.0,-2.06,-857.7225,52.1256,
4230,2025,3374971000.0,-55021000.0,-1.7,-12.7953,1.0291,
4240,2022,4528369161.0,85477270.0,0.74,33.8608,25.3767,
4240,2023,4671223197.0,-1177762076.0,-10.27,151.2521,-6.0207,
4240,2024,4847143434.0,-203538578.0,-1.77,20.4931,-3.4209,
4240,2025,5103856497.0,-505506960.0,-4.4,34.6045,-3.0557,
4250,2021,,,,,,
4250,2022,849501000.0,-352430000.0,-0.35,-2.7783,0.8657,
4250,2023,1326723000.0,37480000.0,0.03,0.2946,0.9218,
4250,2024,1901395000.0,200090000.0,0.17,1.4855,0.899,
4250,2025,2113857000.0,2392828000.0,2.03,15.0849,0.5873,
4260,2021,,,,,,
4260,2022,1025162000.0,252009000.0,2.655,14.6131,0.2576,0.5084
4260,2023,1378138000.0,277230000.0,2.925,14.9021,0.3448,0.5137
4260,2024,1971101000.0,314635000.0,4.25,11.6649,0.6198,0.338
4260,2025,2418895000.0,345767000.0,3.32,11.7527,0.5856,0.3391
4261,2021,,,,,,
4261,2022,967967678.0,193107949.0,2.9933,29.0449,1.5114,0.4787
4261,2023,1135394167.0,142069485.0,2.2,19.4702,1.687,0.5509
4261,2024,1302671602.0,182706083.0,2.83,22.0012,1.7682,0.4542
4261,2025,1497065889.0,180259347.0,2.79,19.7079,2.1889,0.5343
4270,2021,,,,,,
4270,2022,1000093933.0,-9219476.0,-0.15,-1.4452,1.2915,
4270,2023,779158077.0,-132304036.0,-2.21,-26.3846,1.5541,
4270,2024,721196233.0,-219413027.0,-3.66,-77.9682,2.3381,
4270,2025,572962716.0,-267344231.0,-4.46,-2176.4473,54.9709,
4280,2021,,,,,,
4280,2022,2492121000.0,6957868000.0,1.88,22.6443,0.5976,0.1355
4280,2023,2703372000.0,1013243000.0,0.27,2.8809,0.4257,1.0241
4280,2024,2390524000.0,1236970000.0,0.33,3.1772,0.3236,0.8388
4280,2025,2692165000.0,2143294000.0,0.58,3.6698,0.2186,0.4841
4290,2021,,,,,,
4290,2022,877215390.0,-15311505.0,-0.24,-2.6755,2.0963,-0.1813
4290,2023,983649765.0,-47680945.0,-0.73,-10.6652,2.7539,-0.1147
4290,2024,1143107573.0,81004437.0,1.25,15.7745,2.4862,
4290,2025,1217883939.0,15182009.0,0.23,2.9747,2.5551,
4291,2022,308530994.0,71046522.0,1.65,10.921,0.2363,0.4842
4291,2023,446493133.0,101784524.0,2.37,14.4432,0.4677,0.507
4291,2025,,,3.74,,,
4292,2022,577493411.0,70615973.0,1.68,8.5957,1.2768,0.5664
4292,2023,666041507.0,67786016.0,1.61,8.6157,1.3295,0.6209
4292,2024,636753546.0,63370908.0,1.51,7.9083,1.4371,0.7306
4292,2025,640768314.0,82804702.0,1.97,10.0063,1.3162,0.6579
4300,2022,3925499000.0,441720000.0,0.41,2.2532,0.5505,
4300,2023,2707100000.0,610758000.0,0.57,3.0099,0.4981,
4300,2024,3759022000.0,806840000.0,0.75,3.8249,0.5424,
4300,2025,3899802000.0,1133920000.0,1.05,5.1015,0.7137,
4310,2021,,,,,,
4310,2022,56686593.0,-19388732.0,-0.057,-0.6337,0.0726,
4310,2023,66860666.0,-45557467.0,-0.134,-1.5168,0.1843,
4310,2024,158804993.0,-20956568.0,-0.062,-0.7009,0.4829,
4310,2025,318986652.0,-34869460.0,-0.103,-1.1821,0.764,
4320,2022,216108228.0,66773852.0,0.72,6.1687,0.6552,0.6989
4320,2023,215155987.0,36416938.0,0.39,3.3974,0.8576,1.2815
4320,2024,235887525.0,-31600315.0,-0.34,-3.1084,0.9695,-0.7384
4320,2025,237076984.0,-18273204.0,-0.2,-1.9208,1.0077,-2.5538
4321,2022,2037485632.0,775431515.0,1.63,5.7266,0.8563,0.9188
4321,2023,2253673262.0,1514995569.0,3.19,10.6155,0.8517,0.7025
4321,2024,2344038571.0,1216906944.0,2.56,8.2305,1.035,0.5435
4321,2025,2288296428.0,1266893372.0,2.67,8.1665,1.275,0.4218
4330,2021,,,0.5623,,,
4330,2022,210409286.0,88927084.0,0.5179,5.8073,0.9398,1.757
4330,2023,257983271.0,21653191.0,0.1261,1.4759,0.9779,3.9647
4330,2024,264471881.0,-187275085.0,-1.0907,-15.246,1.1346,-0.275
4330,2025,275516339.0,-13461064.0,-0.0784,-1.1605,1.1864,-4.0774
4331,2021,,,0.3637,,,
4331,2022,6030842.0,5695096.0,0.4826,6.7176,,0.6058
4331,2023,5975801.0,7249609.0,0.6144,8.2373,,0.5544
4331,2024,6504660.0,3023955.0,0.2563,3.5034,,1.5609
4331,2025,7106043.0,7361969.0,0.6239,8.3091,,0.6892
4332,2021,10147772.0,-9155461.0,-0.1387,-1.6978,0.4675,
4332,2022,10177668.0,-48506344.0,-0.7349,-9.8841,0.5107,
4332,2023,24087813.0,13756614.0,0.2084,2.7267,0.4244,
4333,2021,,,0.7737,,,
4333,2022,62446254.0,33158623.0,0.6501,6.0713,0.5543,1.015
4333,2023,66397361.0,36298505.0,0.7117,6.602,0.5501,0.8992
4333,2024,67430476.0,32517272.0,0.6376,5.9156,0.5526,1.0038
4333,2025,66309013.0,33736012.0,0.6615,6.1319,0.5508,0.9855
4334,2021,,,,,,
4334,2022,61879928.0,28210372.0,0.4597,5.6507,0.402,2.1972
4334,2023,61711995.0,44519775.0,0.7254,8.6671,0.3894,0.6755
4334,2024,63758890.0,41137008.0,0.6703,7.9987,0.3876,0.9846
4334,2025,68048719.0,34024412.0,0.5544,6.7083,0.3916,1.2085
4335,2021,,,,,,
4335,2022,100616509.0,10900439.0,0.12,1.3344,0.9755,4.8438
4335,2023,95517923.0,-8349470.0,-0.09,-1.064,1.0122,-2.8457
4335,2024,95358405.0,-22289468.0,-0.25,-2.9924,1.0606,-0.7896
4335,2025,86972655.0,-109894005.0,-1.25,-17.9022,1.2741,-0.1922
4336,2021,,,0.4482,,,
4336,2022,96014963.0,-106042.0,-0.0016,-0.0177,0.9796,-366.0996
4336,2023,113540497.0,-11806606.0,-0.1138,-1.4929,0.6031,-3.2576
4336,2024,119449859.0,15138500.0,0.1459,1.9627,0.9049,2.3305
4336,2025,124537048.0,-28361977.0,-0.2733,-4.0065,1.0173,-1.1708
4337,2021,,,,,,
4337,2022,36786301.0,-83388207.0,-1.4568,-20.3292,0.3654,-0.103
4337,2023,19953417.0,-52231895.0,-0.9125,-14.5916,0.4187,
4337,2024,17685265.0,-114922138.0,-2.0077,-47.2861,0.6167,
4337,2025,20760456.0,-929455.0,-0.0162,-0.3839,0.6191,
4338,2021,,,0.5485,,,
4338,2022,185120000.0,66117000.0,0.48,5.194,0.4629,1.4558
4338,2023,183063000.0,40556000.0,0.29,3.2763,0.5332,1.8647
4338,2024,187647000.0,26678000.0,0.19,2.231,0.5973,2.577
4338,2025,196715000.0,18387000.0,0.1337,1.5957,0.6445,3.3651
4339,2021,,,0.4238,,,
4339,2022,123127631.0,47184270.0,0.4389,5.3495,0.848,1.5949
4339,2023,103489386.0,40270844.0,0.3746,4.5531,0.6874,0.9394
4339,2024,97302069.0,14835952.0,0.138,1.7061,0.6933,2.0049
4339,2025,100305291.0,8725238.0,0.0812,1.0376,0.7254,4.2878
4340,2021,,,-1.0817,,,
4340,2022,158156358.0,113410901.0,0.7007,8.997,0.7111,0.7286
4340,2023,192066813.0,75547599.0,0.2741,3.4127,0.4049,1.6444
4340,2024,237694624.0,187246875.0,0.6794,8.3192,0.3983,0.7901
4340,2025,231072089.0,147389966.0,0.5348,6.5366,0.3975,0.9581
4342,2021,,,0.1762,,,
4342,2022,158453725.0,77641492.0,0.4163,,,1.9218
4342,2023,141254094.0,200274317.0,1.0738,10.9406,0.1104,0.745
4342,2024,177968998.0,55774988.0,0.299,3.2108,0.3123,2.6752
4342,2025,189560276.0,64598286.0,0.3464,3.9091,0.3283,2.3098
4344,2021,,,-0.3016,,,
4344,2022,137505273.0,41110344.0,0.3499,4.1218,0.7963,1.7484
4344,2023,161784997.0,33561234.0,0.1795,2.1889,0.5172,2.7359
4344,2024,173534076.0,14409840.0,0.0771,0.9909,0.664,6.7527
4344,2025,216429425.0,79251451.0,0.4239,5.4289,1.2469,0.8995
4345,2021,,,-0.1259,,,
4345,2022,48735471.0,-3603344.0,-0.0305,-0.3979,0.0081,-7.1604
4345,2023,51633469.0,-10220410.0,-0.0866,-1.1811,0.0717,-2.9441
4345,2024,79840216.0,8129878.0,0.0689,0.9728,0.3158,4.6446
4345,2025,101705705.0,-21006754.0,-0.178,-2.7161,0.8545,-1.966
4346,2021,,,-1.817,,,
4346,2022,44366798.0,13689377.0,0.1868,2.6093,0.8745,0.8029
4346,2023,33138931.0,-11473146.0,-0.1566,-2.2358,0.8716,-0.0
4346,2024,29711540.0,8117894.0,0.1108,1.575,0.8474,0.7222
4346,2025,34537092.0,356829.0,0.0049,0.0692,0.7479,0.0
4347,2021,,,0.4015,,,
4347,2022,246681958.0,97579682.0,0.599,7.0662,0.2795,1.1016
4347,2023,243078323.0,110901375.0,0.6809,8.0111,0.1737,0.9693
4347,2024,240619867.0,88436872.0,0.543,6.4853,0.4681,1.234
4347,2025,278100787.0,103694624.0,0.6366,7.7273,0.4755,1.2095
4348,2021,,,-0.3285,,,
4348,2022,106129879.0,43376044.0,0.3076,4.055,0.7041,1.4646
4348,2023,88864593.0,35135066.0,0.2492,3.3602,0.7195,1.1391
4348,2024,108499357.0,59338554.0,0.4208,5.6744,0.7186,0.8993
4348,2025,85907125.0,37465525.0,0.2657,3.6589,0.5866,1.4244
5110,2021,,,,,,
5110,2022,72079424000.0,15135224000.0,1.79,5.888,0.3888,0.1918
5110,2023,75329673000.0,10249299000.0,0.62,3.9987,0.4304,0.2806
5110,2024,88665641000.0,6866943000.0,-0.46,2.7318,0.5761,0.4254
5110,2025,102217782000.0,12974811000.0,0.96,5.0352,0.7756,0.225
6001,2022,1024321362.0,2917385.0,0.08,0.6727,0.8935,24.2389
6001,2023,882721622.0,-98011332.0,-2.77,-31.9426,1.242,
6001,2024,969055854.0,44667304.0,1.26,15.4241,0.907,
6001,2025,903865726.0,42607602.0,1.21,12.6868,0.5025,
6002,2022,1243838271.0,3546104.0,0.05,0.3356,0.5681,
6002,2023,1173695530.0,8386476.0,0.13,0.8115,0.5591,3.8562
6002,2024,1124768690.0,-116524061.0,-1.8,-12.5973,0.5645,
6002,2025,1082561626.0,-77478271.0,-1.2,-9.1234,0.5382,
6004,2021,,,,,,
6004,2022,1818006368.0,257103138.0,3.14,22.9572,0.2745,0.0002
6004,2023,2133762298.0,282657704.0,3.45,21.9784,0.1903,0.4342
6004,2024,2299259701.0,352770108.0,4.3,24.2985,0.2611,0.5233
6004,2025,2441044531.0,313621296.0,3.82,19.9143,0.5474,0.5997
6010,2021,,,,,,
6010,2022,2694247713.0,95491687.0,0.2917,7.373,1.2206,0.0024
6010,2023,3196966537.0,302064771.0,1.77,8.4074,0.1194,0.0008
6010,2024,3220400393.0,774631968.0,2.57,18.0276,0.0574,0.0005
6010,2025,3526978695.0,393348637.0,1.31,8.5359,0.124,0.0005
6012,2021,,,,,,
6012,2022,159177603.0,-24621384.0,-3.8171,-13.3095,0.3518,
6012,2023,177373734.0,-30889166.0,-1.95,-20.0504,0.4707,
6012,2024,155367760.0,-73105420.0,-4.62,-90.2778,0.763,
6012,2025,114080252.0,-64729123.0,-9.0784,-377.5078,2.9929,
6013,2021,,,,,,
6013,2022,98650440.0,-3223093.0,-1.07,-12.3722,1.7938,
6013,2023,89114130.0,-5168411.0,-1.71,-24.7016,2.156,
6013,2024,97358918.0,1299272.0,0.43,5.8341,1.405,
6013,2025,104214706.0,-5169605.0,-1.72,-30.3175,1.9366,
6020,2021,,,,,,
6020,2022,10862021.0,7049432.0,0.235,2.3253,,
6020,2023,10466253.0,-6713311.0,-0.224,-2.2653,,
6020,2024,10046288.0,10238032.0,0.341,3.3386,,
6020,2025,9299692.0,4171932.0,0.139,1.3431,,
6040,2021,,,,,,
6040,2022,134371386.0,-51468608.0,-1.3138,-22.3871,0.0352,-0.001
6040,2023,102709702.0,80788890.0,2.1,24.6101,0.0475,0.0005
6040,2024,47353789.0,-144226008.0,-3.68,-80.3554,0.377,-0.0001
6040,2025,35591987.0,-95871913.0,-2.45,-110.4888,0.9594,-0.0007
6050,2022,48815516.0,-63389796.0,-9.4348,-26.8828,0.2228,
6050,2023,52208079.0,-119959261.0,-17.91,-103.1711,0.5285,
6050,2024,19042570.0,-40995299.0,-6.12,-54.2573,0.528,
6050,2025,4077794.0,-25352027.0,-3.78,-50.4144,0.3247,
6060,2022,0.0,-3197035.0,-0.1625,-2.2969,0.1203,
6060,2023,0.0,-185743.0,-0.008,-0.0508,0.0029,
6060,2024,85818590.0,-4166261.0,-0.139,-1.1628,0.002,
6060,2025,235958759.0,-8293137.0,-0.276,-2.3664,0.0536,
6070,2021,,,,,,
6070,2022,341996642.0,51065262.0,1.7,7.6498,0.1714,0.2944
6070,2023,426435301.0,61968851.0,2.07,8.6235,0.3461,0.2386
6070,2024,582788144.0,75300454.0,2.51,9.9743,0.3375,0.4832
6070,2025,712226774.0,81263378.0,2.71,10.1709,0.4225,0.4317
6090,2021,,,,,,
6090,2022,77893693.0,10711721.0,0.21,2.0871,0.0486,0.0005
6090,2023,70154746.0,-32100266.0,-0.64,-6.772,0.0868,-0.0082
6090,2024,78703147.0,-153276957.0,-3.06,-49.5033,0.136,-0.0001
6090,2025,107846916.0,2899572.0,0.06,0.9362,0.1391,0.0043
7010,2022,67431546000.0,12170537000.0,2.44,16.5587,0.1876,0.6534
7010,2023,71777161000.0,13295381000.0,2.67,16.8328,0.3321,0.5959
7010,2024,75893413000.0,24688652000.0,4.95,27.6108,0.1934,0.3924
7010,2025,77818675000.0,14828030000.0,2.97,17.7765,0.2091,1.4132
7020,2021,,,,,,
7020,2022,15717415000.0,1656940000.0,2.15,10.1289,0.7852,0.3864
7020,2023,16762681000.0,2231977000.0,2.9,12.6654,0.6545,0.3819
7020,2024,18206447000.0,3106848000.0,4.03,16.4597,0.5012,0.5675
7020,2025,19641705000.0,3466423000.0,4.51,17.0528,0.4634,0.5412
7030,2022,9075172000.0,549666000.0,0.61,5.6076,0.7752,
7030,2023,9882645000.0,1267006000.0,1.41,11.9626,0.8453,0.3537
7030,2024,10365461000.0,596369000.0,0.66,5.57,0.9048,0.7514
7030,2025,10983264000.0,603531000.0,0.67,5.5521,0.9545,0.7487
7040,2022,,,,,,
7040,2023,630339790.0,42468239.0,1.43,36.5867,1.275,
7040,2024,1016118736.0,194678385.0,6.43,34.8316,0.1395,
7040,2025,1462135970.0,219575526.0,6.46,28.6739,0.0892,0.0465
7040,2026,1917994258.0,259072173.0,7.62,25.5518,0.0619,0.0394
7200,2021,,,,,,
7200,2022,789621989.0,95863760.0,3.2,25.8324,1.0006,0.6363
7200,2023,1459714733.0,13973356.0,0.47,4.8707,2.2325,5.7967
7200,2024,1212982515.0,121738036.0,4.06,28.9353,2.088,
7200,2025,1272388330.0,96090151.0,3.2,27.7911,2.4707,1.7484
7201,2022,40847398.0,-10439023.0,-0.1,-7.6598,,
7201,2023,41170429.0,-9770344.0,-0.09,-7.8289,0.0104,
7201,2024,41302316.0,-23602702.0,-0.24,-18.8856,0.3439,
7201,2025,52976457.0,-19619975.0,-0.2,-18.6416,0.5478,
8010,2021,,,,,,
8010,2022,9987955000.0,302193000.0,2.01,9.6468,0.0123,0.0001
8010,2023,13861129000.0,616426000.0,4.11,17.0198,0.0141,0.2025
8010,2024,16628088000.0,1022025000.0,6.82,22.822,0.0265,0.1452
8010,2025,19652772000.0,1103114000.0,7.37,20.5901,0.1293,0.2053
8012,2021,,,,,,
8012,2022,-7964000.0,38520000.0,0.58,4.3149,0.0034,
8012,2023,584197000.0,44254000.0,0.67,4.7065,0.0016,
8012,2024,464703000.0,37203000.0,0.56,3.813,0.0141,0.5322
8012,2025,430290000.0,39841000.0,0.6,3.9565,0.0149,0.497
8020,2021,,,,,,
8020,2022,938379000.0,-41378000.0,-0.83,-11.6882,0.0049,
8020,2023,913169000.0,38188000.0,0.76,9.7895,0.004,
8020,2024,1018367000.0,28595000.0,0.54,6.6074,0.0016,
8020,2025,1466580000.0,22708000.0,0.43,4.9116,0.0005,
8030,2021,,,,,,
8030,2022,2217397000.0,-396870000.0,-3.78,-56.1568,0.0051,
8030,2023,2894837000.0,201472000.0,1.92,21.9607,0.0119,
8030,2024,3357084000.0,101994000.0,0.97,9.9154,0.002,
8030,2025,4099609000.0,41063000.0,0.3,2.5779,0.0126,
8040,2021,,,,,,
8040,2022,460678882.0,8575802.0,0.14,1.1501,0.0082,
8040,2023,662695882.0,36986892.0,0.62,5.3613,0.0044,
8040,2024,668929008.0,15167075.0,0.26,2.1597,0.0045,
8040,2025,552048643.0,7406036.0,0.13,1.0231,0.0196,
8050,2021,,,,,,
8050,2022,567633000.0,-38868000.0,-2.1028,-63.8688,0.3039,
8050,2023,750143000.0,51302000.0,2.68,25.0279,0.0965,
8050,2024,605378000.0,30123000.0,1.23,11.8442,0.0726,
8050,2025,516186000.0,-91564000.0,-3.05,-33.9257,0.0564,
8060,2021,,,,,,
8060,2022,1426191000.0,-68080000.0,-0.8278,-6.098,0.0053,
8060,2023,1817418000.0,147977000.0,1.45,11.6659,0.0022,
8060,2024,1961986000.0,64303000.0,0.62,3.5253,0.0118,
8060,2025,1509734000.0,-175816000.0,-1.38,-10.5296,0.009,
8070,2021,,,,,,
8070,2022,627702000.0,-18225000.0,-0.29,-1.5378,,
8070,2023,881313000.0,66940000.0,1.01,4.3348,0.0011,
8070,2024,1150166000.0,70995000.0,0.89,4.2973,0.0007,
8070,2025,1404456000.0,-43753000.0,-0.55,-2.6804,0.0433,
8100,2021,,,,,,
8100,2022,694822000.0,-61647000.0,-2.05,-26.184,,
8100,2023,820097000.0,71098000.0,2.37,22.6714,,
8100,2024,704162000.0,49318000.0,1.64,12.9162,,
8100,2025,741994000.0,22177000.0,0.74,5.3411,,
8120,2021,,,,,,
8120,2022,433327290.0,-18299703.0,-0.47,-4.4049,0.0163,
8120,2023,624459072.0,125037351.0,2.72,22.8174,0.0203,
8120,2024,740865609.0,43645516.0,0.95,6.9643,0.0138,
8120,2025,933788430.0,-83626718.0,-1.82,-14.6986,0.0106,
8150,2021,,,,,,
8150,2022,606704000.0,-17344000.0,-0.82,-9.1793,0.0112,
8150,2023,937455000.0,63406000.0,2.18,24.9293,0.0014,
8150,2024,835772000.0,-16483000.0,-0.57,-6.5111,0.0267,
8150,2025,920978000.0,-41190000.0,-1.42,-18.5374,0.0155,
8160,2021,,,,,,
8160,2022,455770243.0,7255779.0,0.21,2.9883,0.0051,
8160,2023,730590772.0,66291668.0,1.14,11.8396,0.0092,
8160,2024,577800581.0,30147605.0,0.57,4.9836,0.0096,
8160,2025,660280371.0,-45181301.0,-0.85,-7.9129,0.0063,
8170,2021,,,,,,
8170,2022,1028876000.0,12702000.0,0.252,2.3671,0.0137,
8170,2023,1205425000.0,93896000.0,1.88,13.9805,0.0087,
8170,2024,1445373000.0,49134000.0,0.98,6.9042,0.0095,0.5495
8170,2025,1192284000.0,-244444000.0,-4.89,-54.371,0.0073,-0.1227
8180,2021,,,,,,
8180,2022,434568289.0,-53459717.0,-2.5181,-34.8367,0.0171,
8180,2023,467073691.0,42299859.0,1.99,21.3423,0.0073,0.0
8180,2024,467015660.0,31858208.0,1.26,7.9465,0.002,0.0
8180,2025,577385465.0,-70317330.0,-2.34,-20.552,0.0098,-0.0001
8190,2021,,,,,,
8190,2022,319474000.0,-55482000.0,-1.39,-21.6599,0.0228,
8190,2023,656482000.0,5292000.0,0.13,1.9958,0.0142,
8190,2024,754183000.0,-15055000.0,-0.38,-5.611,0.0051,
8190,2025,652600000.0,-256219000.0,-6.41,-1042.4305,,
8200,2022,209673021.0,76052381.0,0.5885,7.4768,0.0558,
8200,2023,181898041.0,124429494.0,1.4,10.8499,0.0495,
8200,2024,44574725.0,474811642.0,5.33,29.4564,0.0352,
8200,2025,-101496878.0,140044427.0,0.84,6.39,0.0259,
8210,2021,,,,,,
8210,2022,13438428000.0,805117000.0,5.39,19.1654,0.044,0.6707
8210,2023,16464810000.0,940163000.0,6.29,20.1082,0.0355,0.5744
8210,2024,18794316000.0,1166002000.0,7.79,22.7824,0.0283,0.5146
8210,2025,20087087000.0,1079092000.0,7.23,19.0216,0.0466,0.556
8230,2021,,,,,,
8230,2022,2496948000.0,72391000.0,0.36,5.4538,0.0371,
8230,2023,3770821000.0,328061000.0,1.64,19.0425,0.0241,
8230,2024,5176091000.0,332343000.0,1.66,15.9748,0.0186,
8230,2025,4546712000.0,454981000.0,2.275,17.9431,0.0123,
8240,2021,,,,,,
8240,2022,136524385.0,12537584.0,0.315,3.1757,,
8240,2023,164811649.0,24817556.0,0.83,5.8554,,
8240,2024,180296967.0,16292651.0,0.41,3.5854,,
8240,2025,195443254.0,10616871.0,0.27,2.2261,0.007,
8250,2021,,,,,,
8250,2022,1425731000.0,15913000.0,0.3,1.6946,0.018,3.1421
8250,2023,1504339000.0,128526000.0,2.45,12.07,0.0283,0.1945
8250,2024,1379606000.0,98195000.0,1.87,9.0091,0.0243,0.802
8250,2025,1355675000.0,126189000.0,2.4,10.5028,0.02,0.4993
8260,2021,,,,,,
8260,2022,385978000.0,-106067000.0,-3.5333,-36.1197,0.0001,
8260,2023,376801000.0,3532000.0,0.12,1.1758,0.015,
8260,2024,385356000.0,-94207000.0,-3.14,-42.0744,0.0153,
8260,2025,298205000.0,-120488000.0,-4.02,-72.9726,0.0134,
8280,2021,,,,,,
8280,2022,236460000.0,-42945000.0,-1.07,-12.88,,
8280,2023,436864000.0,11258000.0,0.28,2.8867,,
8280,2024,381431000.0,32761000.0,0.82,7.4364,,
8280,2025,475071000.0,26640000.0,0.67,5.5653,,
8300,2021,,,,,,
8300,2022,555710000.0,-27662000.0,-0.74,-6.9148,,
8300,2023,996136000.0,84581000.0,2.11,17.3223,0.0,
8300,2024,1335905000.0,103050000.0,2.58,16.9036,0.0077,
8300,2025,1456911000.0,37090000.0,0.93,5.6369,0.0045,
8310,2021,,,,,,
8310,2022,224220000.0,-48183000.0,-1.7,-19.1806,,
8310,2023,185707000.0,25439000.0,0.59,8.9987,,
8310,2024,226059000.0,12027000.0,0.28,3.8451,,
8310,2025,284503000.0,-13279000.0,-0.31,-4.2716,,
8311,2021,,,,,,
8311,2022,231906000.0,-6355000.0,-0.4263,-3.7369,0.0046,
8311,2023,266494000.0,20222000.0,0.7982,10.6009,,
8311,2024,246950000.0,-26762000.0,-1.0522,-16.3269,0.0144,
8311,2025,179459000.0,-6699000.0,-0.263,-4.2791,0.0081,
